5cm,10cm,15cm,20cm,25cm,30cm,35cm,40cm,45cm,50cm,55cm,60cm,65cm,70cm,75cm,80cm,85cm,90cm,95cm,100cm,150cm,200cm,250cm,300cm,500cm
346,515,347,276,224,197,171,145,128,127,108,111,98,87,87,95,83,74,71,68,47,40,43,55,0
359,501,346,275,224,197,175,150,139,118,115,110,111,93,82,79,79,83,71,69,52,40,32,54,2
369,514,383,278,227,195,171,151,131,118,102,106,105,87,80,84,75,74,71,75,40,36,33,53,13
351,516,347,275,224,194,161,144,130,127,113,119,96,87,72,81,64,74,72,68,49,38,24,63,2
352,502,347,291,224,197,171,159,141,108,127,119,82,102,86,79,75,74,64,69,48,55,33,75,4
367,505,379,280,233,203,170,165,138,121,112,103,97,84,90,83,81,74,71,64,47,39,39,55,0
352,509,347,274,224,180,160,146,130,120,114,107,98,94,82,82,76,87,70,69,45,37,33,53,3
346,502,348,287,224,180,156,151,135,112,113,101,95,103,72,83,75,66,64,75,48,32,33,55,11
370,513,352,290,243,195,175,159,142,119,114,109,82,87,80,80,64,75,71,69,51,47,16,50,2
352,500,347,268,224,184,167,146,130,118,113,98,94,84,87,82,70,81,75,69,48,59,33,77,4
350,503,349,282,224,188,165,146,128,118,104,103,102,88,93,72,79,74,69,52,47,38,39,54,3
363,521,340,283,239,184,185,155,131,121,111,96,94,90,82,82,78,84,70,68,35,39,32,54,3
351,500,347,274,224,188,168,150,131,112,115,102,95,102,76,85,76,73,64,79,48,32,33,53,2
352,514,346,298,225,189,165,144,128,121,108,103,92,87,82,85,64,79,68,70,47,37,24,42,2
358,500,365,281,236,203,169,147,131,123,124,107,94,91,87,79,68,79,87,72,46,47,33,63,0
352,510,359,284,226,191,165,148,128,122,112,103,111,82,99,68,84,73,68,70,48,41,39,59,3
351,513,362,274,224,190,166,149,141,137,109,102,94,93,83,82,86,74,70,71,36,39,33,55,1
356,500,353,274,225,194,160,150,133,118,115,102,94,99,84,93,80,73,60,79,48,40,33,58,2
353,519,351,274,225,188,177,146,130,114,111,102,94,91,88,83,79,64,75,70,46,53,33,48,7
354,508,369,275,224,203,176,147,130,118,114,127,95,86,86,82,72,78,71,69,32,37,32,54,0
350,511,350,284,224,191,183,146,120,112,111,111,95,90,83,83,77,83,69,69,48,40,33,56,3
350,501,345,287,229,193,168,149,131,112,112,104,80,90,83,83,89,75,73,70,55,40,34,53,15
351,500,351,292,224,194,166,147,134,121,112,103,115,87,87,79,82,79,70,72,53,34,32,53,1
352,518,354,277,228,190,183,128,128,123,96,103,98,92,74,79,69,73,69,70,48,44,24,53,4
368,499,360,275,239,189,169,171,143,119,127,109,99,88,95,68,89,73,64,66,48,41,61,48,5
364,500,346,291,227,189,166,149,142,112,117,102,98,90,84,91,80,73,73,77,47,37,36,50,0
354,512,364,274,225,189,165,147,133,121,112,105,95,88,83,80,76,77,56,70,55,37,33,63,21
351,525,354,275,217,199,157,150,130,121,115,103,84,87,87,85,79,75,79,71,45,37,33,48,3
360,526,348,270,220,176,183,155,130,121,111,96,99,80,91,79,79,73,72,64,47,37,34,63,3
351,501,362,285,239,207,175,146,131,119,119,115,95,84,74,89,75,75,70,70,48,38,32,56,3
352,500,351,295,225,191,170,149,128,119,110,98,95,103,87,82,77,72,64,70,42,44,35,42,0
351,500,353,268,224,192,167,144,132,121,104,99,98,93,87,80,75,68,72,73,63,24,34,55,15
346,500,351,283,224,203,166,153,135,114,127,99,95,88,86,82,64,79,71,70,36,55,32,53,4
371,540,348,279,220,189,183,147,130,122,114,99,96,87,80,87,67,79,76,57,55,47,31,53,3
359,499,353,276,235,189,165,148,128,118,110,89,113,87,94,78,83,73,70,71,51,43,39,53,2
361,518,348,275,224,189,171,152,143,120,123,97,95,88,80,85,79,74,64,77,49,42,33,53,3
353,502,355,280,226,182,169,148,133,119,112,99,97,90,100,80,81,74,65,71,47,43,33,55,2
352,517,350,279,234,214,160,146,133,122,112,111,95,84,83,83,79,73,74,72,45,42,35,48,0
363,521,352,275,225,191,170,146,128,119,110,103,99,89,83,79,78,64,71,69,49,43,39,65,0
351,501,355,272,224,190,166,151,135,118,123,105,95,90,72,80,72,79,69,71,40,41,35,67,13
359,499,351,279,225,201,175,149,137,121,115,109,115,87,87,72,93,75,69,70,51,44,34,55,0
354,500,351,274,225,193,166,146,130,116,113,101,92,80,89,79,75,75,73,64,49,40,34,54,15
351,512,351,279,229,209,160,149,130,118,113,109,94,88,74,81,68,76,73,66,48,51,26,48,7
367,508,357,272,224,189,183,163,133,116,114,96,95,87,95,68,87,76,79,79,48,42,46,61,9
346,500,353,288,235,195,167,146,128,133,126,107,95,87,85,91,81,74,60,78,44,36,36,55,3
366,500,351,281,239,191,165,146,131,121,111,109,84,89,83,88,68,74,63,71,34,53,32,54,3
354,500,352,275,229,190,166,144,120,119,116,103,96,88,86,80,68,87,87,64,47,47,47,48,2
348,514,359,274,239,197,167,163,147,121,119,103,94,72,76,79,87,75,73,87,47,42,33,63,2
383,503,366,274,225,189,173,166,131,116,112,102,107,107,95,79,79,64,70,69,50,37,34,56,0
352,499,353,268,224,184,165,146,130,127,113,106,101,86,85,80,76,73,74,69,46,45,24,63,15
350,517,350,275,225,192,164,146,147,127,114,111,94,87,87,83,79,72,70,69,63,32,35,48,3
351,505,350,276,216,184,179,149,129,118,110,80,100,89,80,68,72,93,68,72,53,47,32,50,2
351,500,363,280,247,207,170,144,131,122,113,111,95,87,77,85,95,73,72,57,45,46,47,53,2
351,503,352,279,225,191,167,149,130,112,104,108,95,88,95,76,83,72,69,87,48,40,37,52,0
348,499,351,279,224,190,169,146,130,127,107,104,95,88,95,80,76,74,72,64,47,32,33,54,0
365,500,350,278,227,189,167,149,144,135,114,103,97,84,83,91,75,74,74,66,45,43,33,63,23
357,500,351,274,233,182,166,159,131,108,127,98,98,89,82,87,79,76,75,82,40,36,33,52,11
348,512,350,275,239,191,156,146,137,127,116,101,99,95,83,104,76,77,58,75,51,36,33,67,4
355,530,379,274,224,192,175,151,134,118,104,101,95,91,86,80,78,68,70,70,40,37,47,54,2
351,511,350,286,229,189,168,146,131,122,114,96,74,76,82,80,70,87,69,70,47,45,29,55,3
352,505,367,279,228,185,160,147,132,119,110,95,103,91,87,81,87,77,72,70,62,24,30,56,3
352,504,352,275,225,203,179,144,128,119,112,105,101,86,72,83,76,74,58,68,51,47,22,59,2
344,517,352,274,231,191,169,159,142,118,110,96,88,86,95,83,87,73,71,66,48,39,32,53,2
367,504,363,268,225,190,167,151,131,116,105,98,101,87,85,81,79,73,69,75,63,39,31,52,2
352,503,350,297,225,189,169,149,128,117,111,98,95,95,86,83,83,74,56,70,45,40,30,40,4
347,504,350,279,216,189,157,138,133,135,106,98,97,88,86,79,78,72,79,70,47,40,30,52,6
363,505,351,272,232,192,179,155,121,117,115,92,95,105,89,72,79,73,71,70,47,36,30,63,3
361,514,353,290,255,199,177,172,143,121,117,102,99,88,95,76,79,64,70,64,48,53,29,58,11
353,511,365,276,229,191,166,147,133,122,102,88,84,89,89,95,77,73,75,69,48,37,29,55,4
351,513,352,285,224,190,166,142,128,122,104,109,101,107,84,76,78,77,72,70,63,26,33,55,0
349,502,353,274,224,190,160,156,143,139,122,105,94,93,80,95,77,68,64,78,47,38,32,55,0
360,501,351,274,225,192,169,148,130,112,114,103,91,97,85,81,77,70,65,48,40,39,39,53,0
358,517,351,274,231,203,179,146,130,127,111,123,95,91,92,79,83,89,79,79,41,54,36,53,5
351,501,367,272,224,191,166,147,130,121,113,102,95,90,85,86,76,77,64,71,59,47,33,56,6
350,503,348,299,224,181,170,146,120,112,111,96,101,88,83,80,93,74,79,69,50,38,33,56,5
350,500,363,279,230,199,166,144,132,118,110,101,95,84,83,68,78,64,75,71,51,39,32,48,3
358,500,351,278,217,191,169,149,128,126,111,100,95,99,85,89,77,77,71,69,45,39,24,70,3
369,517,351,275,239,190,183,163,135,119,119,127,92,76,86,79,79,68,70,64,47,37,47,41,3
363,500,365,275,227,189,168,154,147,118,127,108,102,90,80,80,75,73,69,69,55,37,37,63,2
355,516,359,291,226,189,166,147,122,112,116,106,95,87,83,72,78,73,69,70,50,39,36,48,2
351,500,356,275,225,189,162,149,131,127,114,103,103,76,85,80,77,73,85,69,48,45,28,59,9
351,509,352,272,216,195,178,146,133,118,113,102,97,87,103,78,87,64,68,56,48,39,46,53,7
366,520,344,287,237,199,191,155,130,120,113,109,94,87,85,111,68,73,69,79,47,40,24,52,2
351,500,364,276,226,198,173,146,131,119,117,102,88,95,87,85,79,74,56,68,44,32,39,55,2
351,499,351,288,224,191,167,138,128,119,110,100,92,104,86,79,75,75,79,77,40,34,32,42,3
351,500,351,281,224,190,166,159,143,112,115,97,107,103,84,82,68,79,87,69,48,50,33,63,2
362,500,351,281,224,203,167,144,131,126,112,111,113,91,83,83,74,68,75,69,47,41,32,73,2
367,519,348,276,231,189,186,159,128,127,112,117,95,93,83,83,89,77,71,69,53,36,32,54,0
351,500,355,275,229,189,163,153,135,121,125,99,95,93,82,95,76,95,69,70,61,25,28,56,0
351,510,355,276,217,182,173,147,139,123,112,98,95,97,80,79,91,76,69,70,47,47,32,52,7
351,517,375,283,239,201,166,148,131,118,113,98,95,92,79,82,79,73,69,76,48,39,39,48,15
352,504,357,275,231,207,160,146,131,122,110,98,84,91,81,79,83,73,69,79,45,40,36,48,5
367,520,351,275,225,190,168,148,129,122,100,96,98,90,83,84,78,74,73,71,48,38,31,73,8
357,500,354,272,224,189,181,151,134,119,139,103,95,72,92,72,78,74,69,72,36,37,30,55,4
355,500,350,278,225,189,169,146,137,112,111,110,99,95,83,95,76,87,74,58,47,36,28,49,3
351,500,350,274,225,190,166,148,130,128,110,107,96,98,83,83,76,73,70,70,45,37,43,63,2
350,501,351,291,229,207,167,149,131,123,115,100,96,95,72,81,75,68,64,91,47,32,29,55,2
360,503,344,285,228,187,172,152,132,118,100,100,96,91,87,83,77,71,71,71,48,28,33,56,9
366,500,367,274,229,195,169,159,130,120,127,108,119,89,86,79,64,79,68,70,42,37,35,63,3
355,500,350,278,225,191,165,144,146,120,113,105,99,90,80,82,77,78,77,69,48,47,28,53,3